"","Estimate","Robust SE"
"(Intercept)",0.0834402619431608,0.00122760648244373
"intend_to_vote_maybeYes",0.217137367326002,0.00198526095421789
"close350not2500",-0.00872739918947651,0.000954009515447894
"strata",0.00120681021826168,3.26512635078621e-05
"intend_to_vote_maybeYes:close350not2500",0.0300260821675698,0.00279135038461735
