"treatment","Proportion_Voting","N","Group"
0,0.246818533361457,28446,"Entire Sample"
1,0.241251072756746,10487,"Entire Sample"
0,0.260776781903542,4686,"State=Massachusetts"
1,0.258935663224782,1259,"State=Massachusetts"
